sequence,label
GWTLNSAGYLLGKINLKALAALAKKIL,1
RRRRRRRRR,1
RRRRRRRRRRRRGC,1
KCFQWQRNMRKVRGPPVSC,1
RRRRR,1
RQIKIWFQNRRMKWKK,1
ACSGRGRGCGRGRGSCG,1
LLIILARRIRKQAHAHSK,1
ARRCSDRFRNCPADEALCGRR,1
RQAKIWFQNRRMKWKK,1
RQIKIWFQNRRAKWKK,1
RWRRWRRWRRWR,1
LLIILRRRIARKQAHAHSK,1
VPTLK,1
KLWSAWPSLWSSLWKP,1
RLLRLLLRLWRRLLRLLR,1
RRRGRKKRR,1
MIIFRIAATHKK,1
MIIYRAEISH,1
GALFLGFLGAAGSTMGAWSQPKSKRKV,1
RQIKIW,1
VLCLR,1
ARARARARARAR,1
KKDGKKRKRSRKESYSVYVYKVLKQ,1
CRQIKIWFQNRRMKWKK,1
GALFLAFLAAALSLMGLWSQPKKKRKV,1
MIIYRDL,1
RRRRRRRRR,1
ALWKTLLKKVLKAPKKKRKV,1
GWTLNSAGYLLGKINLKALAALAKKIL,1
MIIYADLIS,1
LLIILRRRIRKQAHAHSK,1
YGRKKRRQRRR,1
AGYLLGKTNLKALAALAKKIL,1
GGVCPKILKACRRDSDCPGACICRGNGYCGSGSD,1
VSRRRRRRGGRRRR,1
AGYLLGKINLKALAALAKKIL,1
AGYLLGKINLKALAALAKKIL,1
CKYGRKKRRQRRR,1
RRRERRAEK,1
RRRQRRKKR,1
RQPKIWFPNRRKPWKK,1
IIYRDLISH,1
YTQDFNKFHTFPQTAIGVGAP,1
WRFKAAVALLPAVLLALLAP,1
AGYLLGKINLKKLAKLLLIL,1
HSDGIFTDSYSRYRKQMAVKKYLAAVLGKRYKQRVKNK,1
RQIKIWFQNRR,1
MVTVLFRRLRIRRACGPPRVRV,1
RRRRRRR,1
MANLGCWMLVLFVATWSDLGLCKKRPKP,1
RQIKIWFQNRRMKWKK,1
RQIKIWFQNRRMKWKK,1
AGYLLGKINLKALAALAKKIL,1
KGRKKRRQRRRPPQ,1
VRLPPPVRLPPPVRLPPP,1
FLGKKFKKYFLQLLK,1
GLWWRLWWRLRSWFRLWFRA,1
MIIYRDLISH,1
SKKKKTKV,1
RRRRRRRRRRRRGC,1
KKPGKKTTTKPTKK,1
MIISRDLISH,1
RGGRLSYSRRRFSTSTGR,1
KKWKMRRGAGRRRRRRRRR,1
RQIKIWFQNRRMKWKK,1
MIIYRIAASHKK,1
KMIFVGIKKKEERA,1
ARRRRRRR,1
LKKLCKLLKKLCKLAG,1
LIIFRIAASHKK,1
CGRKKRRQRRRPPQ,1
WFQNRRMKWKK,1
KLALQLALQALQAALQLA,1
HHHHHHHHHHHHHHHHHHHHRRRRRRRRRRRRRRR,1
KALAALLKKWAKLLAALK,1
GRKKRRQRRRPPQ,1
LCLRP,1
GLKKLAELFHKLLKLGC,1
GLPVCGETCVGGTCNTPGCKCSWPVCTRN,1
MIIFKIAASHKK,1
YSSYSAPVSSSLSVRRSYSSSSGS,1
LIIFRILISHHH,1
ARCSDRFRNCPADEALCGR,1
RRRRRRRRR,1
GWTLNSAGYLLGKINLKALAALAKKIL,1
CRRRRRRRRR,1
RRRRRRRRRR,1
KFFKFFKFFK,1
RRRRRRRRRK,1
YGRKKRRQRRTALDWSWLQTE,1
LIIFAILISHKK,1
LLIILRRRARKQAHAHSK,1
ACRDRFRRCPADERLCG,1
ARRRRCSGSGSGCGSGSGSCGRRRR,1
GRRRRATAKYRTAH,1
PKKKRKVALWKTLLKKVLKA,1
WELVVLYGRKKRRQRRR,1
CWKKKKKKKKKKKKKKKKKK,1
RQIKIWFQNRRMKWKA,1
TSPLNIHNGQKL,1
RRLSYSRRRF,1
RRRRRRRR,1
YGRKKRRQRRR,1
LLIILRRRIRKQAHAASK,1
GWTLNSAGYLLGKLKALAALAKKIL,1
RVIRWFQNKRCKDKK,1
ACRGRGRRCGSGRRSCG,1
CGGKDCERRFSRSDQLKRHQRRHTGVKPFQ,1
ACSGSGSGCGSGSGSCGRRRRRRRR,1
ACRGRGRRCGSGRRSCG,1
GLWRALWRLLRSLWRLLWKA,1
RQIKIWFQNRRMKWKK,1
GGVCPAILKKCRRDSDCPGACICRGNGYCGSGSD,1
AAVALLPAVLLALLAPRRRRRR,1
RPARPAR,1
RRRRRRRRR,1
GWTLNSAGYLLGPHAVGNHRSFSDKNGLTS,1
RQIKIWFQNRRMKWKK,1
KCFQWQRNMRKVRGPPVSCIKR,1
WIIFRIAATHKK,1
RRKLSQQKEKK,1
RQGAARVTSWLGRQLRIAGKRLEGRSK,1
LLIILRRRIRKQAHAHSK,1
MGLGLHLLVLAAALQGAWSQPKKKRKV,1
ICIR,1
ANIIAPLLAPIC,1
GWTLNSAGYLLGKINLKALAALAKKIL,1
RRRRRRRR,1
MIIYRDLI,1
CRKKRRQRRR,1
KCFQWQRNMRKVRGPPVSSIKR,1
LLAILRRRIRKQAHAHSK,1
GRRHHCRSKAKRSRHH,1
MIIYRD,1
SRRHHARSKAKRSRHH,1
RQIRIWFQNRRMRWRR,1
VQRKRQKLMP,1
ACGRGRGRCGRGRGRCG,1
RKKRRQRRRPPQCAAVALLPAVLLALLAP,1
RVRSWLGRQLRIAGKRLEGRSK,1
RRRRRR,1
LIIFAIAASHKK,1
GRKKRRQRRRPPQ,1
LAIILRRRIRKQAHAHSK,1
GALFLGFLGAAGSTMGAWSQPKKKRKV,1
KLIKGRTPIKFGK,1
FQWQRNMRKVRGPPVS,1
KGKKIFIMK,1
KCFQWQRNMRKVRGPPVSCIKR,1
SARHHCRSKAKRSRHH,1
GRKKRRQRRRPPQ,1
LCL,1
AGYLLGKTNLKALAALAKKIL,1
LILIGRRRRRRRRGC,1
KLALKLALKAWKAALKLA,1
GRCTKSIPPICFPD,1
RTRRNRRRVR,1
WLKLLKKWLKLWKKLLKLW,1
LIIFRILISHK,1
WLKLWKKWLKLW,1
FLIFIRVICIVIAKLKANLMCKT,1
KALKLKLALALLAKLKLA,1
AGYLLGKTNLKALAALAKKIL,1
FFFFFFGRRRRRRRRGC,1
GWTLNSAGYLLGKINLKAPAALAKKIL,1
LKLLKKLLKKLLKLL,1
RQIKIWFQNRRMAWKK,1
KCFMWQEMLNKAGVPKLRCARK,1
ERKKRRRE,1
LGTYTQDFNKFHTFPQTAIGVGAP,1
SRRAHCRSKAKRSRHH,1
AAVALLPAVLLALLAPSGASGLDKRDYV,1
EKGKKIFIMK,1
IKIWFQNRRMKWKK,1
KWFETWFTEWPKKRK,1
MANLGYWLLALFVTMWTDVGLCKKRPKP,1
SRAHHCRSKAKRSRHH,1
RRWFRRWRR,1
CWKKKKKKKK,1
RRLLRRLRR,1
KTVLLRKLLKLLVRKI,1
LNSAGYLLGKINLKALAALAKKIL,1
AGYLLGKINLKALAALAKKIL,1
MAIYRDLIS,1
RQIKIWFQNRRMKWKK,1
KLGLKLGLKGLKGGLKLG,1
RQARRNRRRC,1
LLIILRRRIRKQAHAHSK,1
KCCKWRWRCK,1
RQIKIWFQNRRMKWKKGC,1
KGSKKAVTKAQKKDGKKRKRSRKESYSVYVYKVLKQ,1
KLLAKAAKKWLLLALKAA,1
CRWRWKCCKK,1
DFNKFHTFPQTAIGVGAP,1
RRWFRRFRR,1
GLFEAIEGFIENGWEGMIDGWYGGGGRRRRRRRRRK,1
ACSDRFRNCPADEALCGRRRRRRRR,1
RKLTTIFPLNWKYRKALSLG,1
GDALPHLKLC,1
YTAIAWVKAFIRKLRK,1
MVRRFLVTLRIRRACGPPRVRVFVVHIPRLTGEWAAP,1
QNRRMKWKK,1
KLALKLALKALKAALKLA,1
ARRRCSGSGSGCGSGSGSCGRRR,1
KETWFETWFTEWSQPKKKRKV,1
WRFKKSKRKV,1
YWLKLLKKWLKLWKKLLKLW,1
GKHRHERGHHRDRRER,1
GKKKRKLSNRESAKRSR,1
RRRQRRKRGGDIMGEWGNEIFGAIAGFLG,1
KLIKGRTPIKFGKADCDRPPKHSQNGMGK,1
ACSDRFRNCPADEALCGRRRRRRRR,1
WWWRRRRRRRR,1
KCFQWQRNMRKVRGPPVSCIKR,1
LLIIARRRIRKQAHAHSK,1
KRIPNKKPGKKTTTKPTKKPTIK,1
KLALKALKAALKLA,1
KWCFRVCYRGICYRRCRGK,1
ACRGRGRRCGSGSRSCG,1
LLIILRRRIRKQAHAHAK,1
GLKKLARLFHKLLKLGC,1
MIIARDLIS,1
INLKALAALAKKIL,1
RQIKIWFQNRRM,1
RQIKIWFQNRRMKAKK,1
LGLLLRHLRHHSNLLANI,1
NRARRNRRRVR,1
CGRKKRRQRRRPPQ,1
FKQQQQQQQQQQ,1
GLKKLAELFHKLLKLG,1
GLWRALWRALWRSLWKKKRKV,1
GYGYGYGYGYGYGYGYKKRKKRKKRKKRKQQKQQKRRK,1
AAVALLPAVLLALLAPRKKRRQRRRPPQC,1
ARCSGSGSGCGSGSGSCGR,1
GWTLNSAGYLLGKINLKALAALAKKIL,1
RGDFK,1
LKKLLKLLKKLLKLAG,1
LLIILRRAIRKQAHAHSK,1
RQIKIWFQN,1
MVKSKIGSWILVLFVAMWSDVGLCKKRPKP,1
GRKLKKKKNEKEDKRPRT,1
KKLFKKILKKL,1
RQIAIWFQNRRMKWKK,1
RRIPNRRPRR,1
KALAKALAKLWKALAKAA,1
RRHHCRSKAKRSR,1
ARRRCSDRFRNCPADEALCGRRR,1
RQIKIWFQNRRMKWKK,1
KFFKFFKFFK,1
GLWRALWRLLRSLWRLLWSQPKKKRKV,1
YGRKKRRQRRRGC,1
MIIYRDAIS,1
LLIILRRRIRKQAAAHSK,1
RKKRRQRRR,1
RRRQRRKKR,1
RRRRRR,1
KLIKGRTPIKFGKADCDRPPKHSQNGK,1
GWTLNSAGYLLGKINLKALAALAKKIL,1
KRIPNKKPGKKTTTKPTKK,1
AIIYRDLIS,1
ARARAR,1
FRFKFRFK,1
LCLR,1
AGYLLGKINLKALAALAKKIL,1
KFFKFFKFFK,1
KKKEERADLIAYLKKA,1
HYRIKPTFRRLAWKYKGKFW,1
HHHHHHHHRRRRRRRRRRRRRRR,1
RRRRRRRRRRRRRRR,1
KLALKAALKAWKAAAKLA,1
RQIKIWFQNRRMKWKK,1
ACGRGRGRCRGRGRGCG,1
LNSAGYLLGKLKALAALAKIL,1
LLIILRRRIRKQAHAHSK,1
VKRFKKFFRKLKKKV,1
RQIKIWFQNRRMKWKK,1
AYLLGKINLKALAALAKKIL,1
LLETLLKPFQCRICMRNFSTRQARRNHRRRHRR,1
AQIKIWFQNRRMKWKK,1
AGYLLGKINLKALAALAKKIL,1
RRRRRRRRGC,1
ALWKTLLKKVLKA,1
CRQIKIWFPNRRMKWKKC,1
ACRGRGRGCGSGSGSCG,1
LIIFRILISHRR,1
ISFDELLDYYGESGS,1
RQIKIWFANRRMKWKK,1
KSICKTIPSNKPKKK,1
KLALKLALKALKAALKLA,1
RVIRWFQNKRSKDKK,1
WIIFKIAASHKK,1
RPARPAR,1
RQLRIAGRRLRGRSR,1
WIIFRALISHKK,1
KFHTFPQTAIGVGAP,1
MIIYRDKKSH,1
LKKLAELAHKLLKLG,1
GLGSLLKKAGKKLKQPKSKRKV,1
AGYLLGKINLKALAALAKKIL,1
RKKRRQRRR,1
CHHRRRRHHC,1
CRWRWKCCKK,1
AAVALLPAVLLALLAPRKKRRQRRRPPQ,1
RRWWRRFRR,1
KALKLKLALALLAKLKLA,1
LKTLATALTKLAKTLTTL,1
RVIRVWFQNKRCKDKK,1
WIIFRIAASHKK,1
RMKWKK,1
LLIALRRRIRKQAHAHSK,1
RVTSWLGRQLRIAGKRLEGRSK,1
LLIILRRRIRKQAHAHSKNHQQQNPHQPPM,1
LLIILRRRIRKQAHAHSA,1
SRRHHCRSKAKASRHH,1
LIIFRILISH,1
WRWRWRWRWRWRWR,1
SRRHHCRAKAKRSRHH,1
RQIKIWFQNRRMKWK,1
GWTLNPAGYLLGKINLKALAALAKKIL,1
PKKKRKV,1
WWRRRRRRRR,1
HYRIKPTFRRLKWKYKGKFA,1
HHHHHHHHHHHHHHHHRRRRRRRRRRRRRRR,1
RRRRRRRRRC,1
LLIILRRRIRKAAHAHSK,1
QTRRRERRAEKQAQW,1
NKPILVFY,1
QIKIWFQNRRMKWKK,1
KMIFVGIKKK,1
LALALALALALALALAKKLKKLKKLKKLKKLKKLKYAK,1
MIIYARRAEE,1
CSIPPEVKFNPFVYLI,1
GALFLGFLGAAGSTMGAWSQPKKKRKV,1
RRFWRRWRR,1
FVTRGCPRRLVARLIRVMVPRR,1
CRQIKIWFQNRRMKWKKKLAKLAKKLAKLAK,1
RKKRRQRRRGGGKLLKLLLKLLLKLLK,1
INLKALAALAKKIL,1
GLWRALWRALWRSLWKSKRKV,1
GKRARNTEAARRSRARKL,1
CSIPPEVKFNKPFVYLI,1
NHQQQNPHQPPM,1
LILILILILILILILIKRKKRKKRKKRKKRAKRAKHSK,1
RQIKIWFQNRRMKWKK,1
KLALKLALKALKAA,1
VCVR,1
RRRRRRRRGC,1
RRRRRRRR,1
LLGDFFRKSKEKIGKEFKRIVQRIKDFLRNLVPRTESC,1
RRRRRRRR,1
MVRRFLVTLRIRRACGPPRVRV,1
GLWRALWRLLRSLWRLLWRA,1
ARARARARAR,1
KLALKLALKALQAALQLA,1
GLKKLAELAHKLLKLGC,1
RRLLRRLRR,1
GRGDSPRRSPRR,1
IKIKIKIKIKIKIKIKKLAKLAKLAKLAKLAKLAKKIK,1
RQIKIWFQNRRMKWKK,1
GKKKKRKREKL,1
RQIKIWFPNRRMKWKK,1
AGYLLGKLKALAALAKKIL,1
CRQIKIWFQNRRMKWKK,1
GALFLAFLAAALSLMGLWSQPKKKRRV,1
RQIKIWFQNRRMKWKK,1
RRRRRRRRR,1
KPRSKNPPKKPK,1
GRKKRRQRRRPPQC,1
ACSHSGHGCGHGSHSCGRRRRRRRR,1
ARARARAR,1
SRRHACRSKAKRSRHH,1
RRRRRRRW,1
LLIILRRRIRAQAHAHSK,1
RQARRNRRRALWKTLLKKVLKA,1
LKTLTETLKELTKTLTEL,1
KITLKLAIKAWKLALKAA,1
RQIKIWFQNRRMK,1
ACRGSGRGCGRGSGRCG,1
ELALELALEALEAALELA,1
HARIKPTFRRLKWKYKGKFW,1
MIIFAIAASHKK,1
RLLRLLRLL,1
GRQLRIAGKRLEGRSK,1
GRRRRRERNK,1
KGRTPIKFGKADCDRPPKHSQNGMGK,1
RQIKIWFQNRRMKWKK,1
AGYLLGKTNLKALAALAKKIL,1
RQIKAWFQNRRMKWKK,1
MIIFRDLISH,1
ACSDRFRNCPADEALCG,1
RQIKIWFQNRRMKWKK,1
AGYLLGKINLKALAALAKKIL,1
CRWRWKCCKK,1
CRWRWKCCKK,1
LLKTTELLKTTELLKTTE,1
VKRKKKPALWKTLLKKVLKA,1
VQAILRRNWNQYKIQ,1
DRDRDRDRDR,1
KTIPSNKPKKK,1
YRFK,1
AGYLLGKINLKALAALAKKIL,1
WRRRRRRRR,1
KLALKLALKALKAALK,1
WIIFRAAASHKK,1
ALIILRRRIRKQAHAHSK,1
TFPQTAIGVGAP,1
RQIKIWFQNRRMKWKK,1
GGVCPKILAKCRRDSDCPGACICRGNGYCGSGSD,1
KGKKIFIMK,1
GLKKLARLAHKLLKLGC,1
QLALQLALQALQAALQLA,1
AGYLLGHINLHHLAHLHHIL,1
RRFFRRWRR,1
FQNRRMKWKK,1
GRRERNKMAAAKCRNRRR,1
GLWRALWRGLRSLWKLKRKV,1
LLIILRRRIRKQAHAHSK,1
RRRRRRRR,1
RAIKIWFQNRRMKWKK,1
GRQLRRAGRRLRRRSR,1
KLALKLALKALKAALKLA,1
KALAALLKKLAKLLAALK,1
FRVPLRIRPCVVAPRLVMVRHTFGRIARWVAGPLETR,1
VKRFKKFFRKLKKSV,1
GTKMIFVGIKKKEERADLIAYLKKA,1
RVRILARFLRTRV,1
KFFKFFKFFK,1
CGNKRTRGC,1
LIIFRILISHKK,1
ARRCSGSGSGCGSGSGSCGRR,1
FKKFRKF,1
RRRRRRRRRRRR,1
CLLIILRRRIRKQAHAHSKNHQQQNPHQPPM,1
IYRDLISH,1
GLRKRLRKFRNKIKEK,1
RLRLRLRLRLRLRLRLKNNKNNKNNKNNKKKKKKKGYK,1
RNRSRHRR,1
YGRKKRRQRRR,1
GLWRALWRALWRSLWKLKWKV,1
GLWRALWRALRSLWKLKRKV,1
PKKKRKVWKLLQQFFGLM,1
GRQLRIAGRRLRRRSR,1
ASMWERVKSIIKSSLAAASNI,1
KLALKLALKALKAALKLA,1
MIIYRDLAS,1
CWKKK,1
RRVTSWLGRQLRIAGKRLEGRSK,1
RPARPAR,1
RKKRRQRRRGC,1
SRRHHCRSAAKRSRHH,1
GWTLNPPGYLLGKINLKALAALAKKIL,1
GRKKRRQRRRPWQ,1
RRRRRRRR,1
QWQRNMRKVRGPPVSCIKR,1
MIIFRIAAYHKK,1
MIIFRILISHKK,1
TRRSKRRSHRKF,1
RQIKIWFQNRRMKW,1
AGYLLGKTNLKALAALAKKIL,1
RRWWRRWRR,1
RRRRRRRRR,1
RRRRRRRRR,1
KALKKLLAKWLAAAKALL,1
ALALALALALALALALKIKKIKKIKKIKKLAKLAKKIK,1
VIRVHFRLPVRTV,1
RRRRRRRR,1
CWKKKKKKKKKKKKK,1
GWTLNSAGYLLGKINLKALAALAKKIL,1
VKRFKKFFRKLKKLV,1
ACRGRGRGCGSGSRSCG,1
KLALKAAAKAWKAAAKAA,1
MIIYRDLISKK,1
KALKLKLALALLAKLKLA,1
KKKKKKKKK,1
KKAAQIRSQVMTHLRVI,1
WRFKWRFK,1
KETWWETWWTEWSQPKKKRKV,1
GKRKKKGKGLGKKRDPCLRKYK,1
KFFKFFKFFK,1
RQIKIWFQNARMKWKK,1
GALFLGFLGAAGSTMGAWSQPKSKRKV,1
ACHGRRWGCGRHRGRCG,1
AGYLLGKINLKALAALAKKIL,1
INLKKLAKLAKKIL,1
KETWWETWWTEWSQPGRKKRRQRRRPPQ,1
KCFQWQRNMRKVR,1
RRRRRRRR,1
KFFKFFKFFK,1
ACSGSGSGCGSGSGSCG,1
HHHHHHHHHHHHRRRRRRRRRRRRRRR,1
WIIFRIAAYHKK,1
GLKKLAELFHKLLKLG,1
RRRQRRKRGGDIMGEWGNEIFGAIAGFLG,1
KLPCRSNTFLNIFRRKKPG,1
AGYLLGKINLKALAALAKKIL,1
GLWRALWRGLRSLWKKKRKV,1
RRRRRRRRR,1
RQIKIWFQNRRMKWKK,1
KLALKLALKALKAALKLA,1
KIWFQNRRMKWKK,1
RQIKIAFQNRRMKWKK,1
GLLEALAELLEGLRKRLRKFRNKIKEK,1
KLIKGRTPIKFGKADCDRPPKHSGK,1
KRIPNKKPGKKTTTKPTKKPTIKTTKKDLK,1
DRRRRGSRPSGAERRRR,1
HHHHHHHHHHHHHHHHRRRRRRRRRRRRRRR,1
RRRRRRRRRCQCRRKN,1
ACRDRFRRCPADRRLCG,1
RRRGRKKRR,1
RQIKIWFPNRRMKWKK,1
KIAAKSIAKIWKSILKIA,1
ACSGRGRGCGSGSGSCG,1
ERERERERERERER,1
GALFLGFLGAAGSTMGAWSQPKKKRKV,1
GALFLGFLGAAGSTMGAWSQPKKKRKV,1
PFVYLI,1
KFFKFFKFFK,1
LALALALALALALALAKIKKIKKIKKIKKLAKLAKKIK,1
KETWWETWWTEWSQPKKKRKV,1
RRRRRRRR,1
YGRKKRRQRRR,1
KRIPNKKPGKK,1
KWCFAVCYAGICYAACAGK,1
WLKYLLKKWLKLWKKLLKLW,1
GRGDGPRRKKKKGPRRKKKKGPRR,1
ACRGRGRGCGRGRGRCG,1
GWTLNSKINLKALAALAKKIL,1
KCPSRRPKR,1
LLKTTALLKTTALLKTTA,1
GGVCPKILAACRRDSDCPGACICRGNGYCGSGSD,1
GRCTKSIPPICFPD,1
MVTVLFRRLRIRRACGPPRVRV,1
RQIKIWFQ,1
GRQLRIAGRRLRGRSR,1
LCLRPVG,1
RRRRRRRRRRR,1
AGYLLGKINLKALAALAKKIL,1
KRIPNKKPGKKT,1
HYRIKPTARRLKWKYKGKFW,1
RRRRRRRRR,1
RRFFRRFRR,1
KLALKLALKWAKLALKAA,1
RRWWRRWRR,1
GWTLNSAGYLLGKINLKALAALAKKLL,1
PKKKRKVWKLLQQFFGLM,1
ACRRSRRGCGRRSRRCG,1
RQIKIFFQNRRMKFKK,1
ACSGRGSGCGSGRGSCG,1
GRKGKHKRKKLP,1
RRMKWKK,1
GLKKLAELAHKLLKLG,1
RAGLQFPVGRVHRLLRK,1
FFFFGRRRRRRRRGC,1
GRKKRRQRRRPPQ,1
KLIKGRTPIKFGKADCDRPPKHSQNGM,1
LLKLLKKLLKLLKKLLKLL,1
LILILILILILILILIKRKKRKKRKKRKKRAKRAKHSK,1
WWWWRRRRRRRR,1
AAVALLPAVLLALLAPRKKRRQRRRPPQ,1
RRRRRRRR,1
NRRMKWKK,1
ACSGSGSGCGSGSGSCGRRRRRRRR,1
MLLLTRRRST,1
MIIFRIAASHKK,1
AGYLLGKINLKALAALAKKIL,1
GRKKRRQRRRPPQC,1
RRWWRRWRR,1
INLKALAALAKKIL,1
RQIKIWFQNRRMKWKK,1
KRIPNKKPGKKTTTKPTKKPTIKTTKKDLKPQTTKPK,1
KFFKFFKFFK,1
FFGRRRRRRRGC,1
ACRGRGRGCRGRGRGCG,1
HHHHHHHHRRRRRRRRRRRRRRR,1
LLKKRKVVRLIKFLLK,1
RLRLRLRLRLRLRLRLKLLKLLKLLKLLKKKKKKKGYK,1
RQIKIWFQNRRMKWAK,1
RQIKIWFQNR,1
RRRRRRRRR,1
KKWKMRRNQFWIKIQR,1
GKRRRRATAKYRSAH,1
IKLSPETKDNLKKVLKGAIKGAIAVAKMV,0
FAKKLAKKLAKAAL,0
KWKSFINKLTSKFLHSAKKF,0
GTPCAESCVYLPCFTGVIGCTCKDKVCYLN,0
KWKVFKKIEKMGRNIRNGIVKAGPAIAVLGEAKAILS,0
GLGSVFGRLARILGRVIPKV,0
GVGDLIRKAVSVIKNIV,0
RRWWCRS,0
YAGAVVNDL,0
FVDLKKIANIINSIF,0
GCCGSYPNAACHPCSCKDRPSYCGQ,0
ATAEETRRMLHRAFATLA,0
FFRLLFHGVHHGGGYLNAA,0
GILDPIKAFAKAAG,0
KFAKKFKWFAKAAFKFFKK,0
YPVKLYPVKL,0
GFLSSLKKSLGKSLAHSK,0
GCCSDPLCAWRC,0
DVPKSDQFVGLM,0
GLKDKFKSMGEKLKQYIQTWKAKF,0
LCCWIHWCHARCTCC,0
QQDYTGAHMDF,0
GCCSDPRCNYAHPEIC,0
FPVRLRFPRVRL,0
GIGTKFLGGLKTAVKGALKELASTYVN,0
FLPLIGKVLSGIL,0
KFCCDSNWCHISDCECCY,0
YAGAVVNDL,0
RRWW,0
CKSTGASCRRTSYDCCTGSCRSGRC,0
KVMAHMK,0
GLPRKILAAIAKKKGKCKGPLKLVAKC,0
PICKRNGLPVCGETCTLGTCYTQGCTCSW,0
KWKSFLKTFKSLKKTVLHTLLKAISS,0
EWGRRCCGWGPGRRYCRRWC,0
YPVKLKVYPLKVKL,0
GLLGTLGNLLNGLGL,0
FLPFFASLLGKLL,0
RKLRRLKRKIAHKVKKY,0
GRIKRIRKKIKKLIKKLS,0
RHGCCKGPKGCSSRACRPQHCCAD,0
GCCSDPRCNYDHPEAC,0
IWLTALKFLGKHAAKHLAKQQLSKL,0
RRWWCRP,0
GLLGKLLKIAAKVGKKLL,0
GLWNKIKEAASKAAGKAALGFVNEMV,0
GCCPPQWCGPDCTSPCC,0
FIGSALKVLAGVLPSIVSWVKQ,0
FLPIVGRLISGIL,0
CAESCVWIPCTVTALLGCSCSNNVCYNGIP,0
KWKSFIKKLTSKFLHSKKKF,0
KWCFRVCYRGICYRRCR,0
FLGMIPKLIKKLIKAFK,0
GLFDIVKKVVGAFGSL,0
VKAKVYPAKVKAYP,0
FRPKVTITIQGSARF,0
KKKKKKAAFAAWAAFAA,0
GWGSIFKHGRHAAKHIGHAAVNHYL,0
RDPGCCSNPVCHLEHSNLC,0
CANPACGRHYS,0
WLYKREDY,0
GMWSKIKEAGKAAAKAAAKAAGKAALDVVSGAI,0
VKLKVYPLKVKLYP,0
FFGWLIRGAIHAGKAIHGLIHRRRH,0
WLLVNG,0
YAFQVVG,0
DHYNCVSSGGQCLYSACPIFTKIQGTCYRGKAKCCK,0
VAERCCKNGKRGCGRWCRDHSRCC,0
CCSRHCWVCIPCCPN,0
VKLFPFFNQY,0
KLKLLKLLKLLKLLK,0
AKKLRHALHRALLALRHLAHRLLAKK,0
KWLNALLKKGLNCAKGVLA,0
EPFKLSLHL,0
KWKLFKKIGIGAFLHSAKKF,0
VCGETCVGGTCNTPGCSCSRPVCTRNGLP,0
WLWSENSK,0
CKSPGTPCSRGMRDCCTSCLLYSNKCRRY,0
TRSSRAGLQWPVGRVHRLLRKGGC,0
KIKIPWGKVKDFLVGGMKAV,0
FFLPPCAHKGTC,0
TCGETCFGGTCNTPGCTCDPWPICTDRGLP,0
RKGWFKAMKSIAKFIAKEKLKEHL,0
DIVPV,0
DSHAKRHHGYKIKFHENHHSHRGY,0
GCCDDPRCNYDHPEIC,0
WALAL,0
KLLKWLLK,0
FALKALKKLKKALKKAL,0
RWWCC,0
KKLALLALKKWLLALKKLALLALKK,0
CCSNPVCTVHNPQIC,0
ECCHPACGKHFSC,0
GFRSILKKVSPKVLAHLK,0
GPGSAICNMACRLEHGHLYPFCNCD,0
FLGWLFKWAWK,0
KWKSFIKKLTSKFLHSAKKF,0
GLVDVLGKVGGLIKKLLP,0
AGLLDILGL,0
CESCVWIPCISSVVGCSCKSKVCYKNGTLP,0
LNDLVPQYWTECCGRIGPHCSRCICPEVVCPKN,0
GIGAVLKVLTTGLPALISWIKRKRQQ,0
FLSLLPSLVSGAVSLVKKL,0
GWASKIGQTLGKIAKVGLKELIQPK,0
VKLKVYPLKVKLYP,0
YCGFCSG,0
GLGKFLHSAKRFGKAFVGEAMNS,0
GLLGPLLKIAAKVGKNLL,0
PVCTRNGLPVCGETCVGGTCNTPGCTCSW,0
LLKKLLKLLLKLLKK,0
GCCSHPACSVNHPELC,0
GLPVCGETCFGGTCNTPGCSCSYPICTRN,0
LKLGTLVNLAKKIL,0
GLPICGETCVGGSCNTPGCSCSWPVCTRN,0
EDGGSFMCLWCGEVHG,0
FIPLVSGLFSRLL,0
DHYNCVSSGGQCLYSACPIFTKIQGTCYRGKAKCCK,0
KWKLFKKIPKFLHLAK,0
QQDYGTGWFDF,0
VKYPKLYP,0
GCVLYPWC,0
LKLKLFPLKLKLFP,0
KWKEFLKTFKEAKKEVLHTALKAISS,0
GIGKFLHKVGSFIKSWKGEIMNS,0
FIGPIISALASLFG,0
KKLFKKILKYL,0
GLPVCGETCFGGTCNTPGCTCSYPICTRN,0
KWKLFKKIEKVGQGIGAVLKVLTTGL,0
FAKLA,0
ECCNPACGAHYSC,0
AILTTLANWARKFL,0
KKKLFWKIPKFLHLAKKF,0
FIGSALKVLAGVLPSVISWVKQ,0
GCCSHPACAGNNQHIC,0
KKLFKKILKYL,0
DWEYHAHPKPNSFWT,0
GIGTKILGGVKTALKGALKELAFTYAN,0
KWKSFLKTFKSLKKTVLHTLLKLISS,0
FPPWE,0
GCCSLPPCALNNPDYC,0
GIGGKILGGLKTALKGAAKELAATYLH,0
RILRG,0
CCSNPACRVNNPHVC,0
QPHPNEFVGLM,0
KAYSTPRCKYLFRAVLCWL,0
GLLKPLLKIAAKVGSNLL,0
ILGIITSLLKSL,0
NEEEKVKWQPDVP,0
FLSLIPHIVSGVASIAKHF,0
GIGAVLKVLTTGLPALISWIKRKRQQ,0
GIGGVLLSAGKAALKGLAKVLAEKYAN,0
RLGTALPALLKTLLAGLNG,0
VRRFAWWWAFLRR,0
WKLFKKIPKFLHLAKKF,0
IIGPVLGLVGSALGGLLKKI,0
GCCSHPACSVNAPELC,0
KWLLKLKLKLLK,0
GFKDLLKGAAKALVKAVLF,0
GCCSDVRCAWRC,0
RTCCSRPTCRMEYPELCG,0
LRLKYRRFKYRV,0
WKSESVCTPGCVTGLLQTCFLQTITCNCKISK,0
KWKLFKKIPKFLHLAKKF,0
KWLLLLKLLLLK,0
EWESFLETFESAKETVLHTALEAISS,0
ILPWKWPFFPWRR,0
GIGDPVTCLKSGAICHPVFCPRRYKQIGTCGLPGTKCCKKP,0
QMRRKVELFTYMRFD,0
GKGRWLERIGKAGGIIIGGALDHL,0
GPMGWVPVFYRF,0
KKLFKKILKKL,0
GLFSVLGSVAKHVVPRVVPVIAEHL,0
TLGEWYNQTKDLQQKFYEIIMDIEQNNVQGKKG,0
KPWERL,0
INWKKIASIGKEVLK,0
ILPILAPLIGGLL,0
FPRPRICNLACRAGIGHKYPFCHCR,0
CVKVQVKVGSGVKVQVKVC,0
GLFDVIKKVASVIGGL,0
CCGVPNAACHPCVCNNTC,0
IRDECCSNAACRVNNPHVC,0
GLLKRIKTLL,0
ILPLKLPWLPLRR,0
VKLKVYPLKVKLYP,0
CFPPGVYCTRHLPCCRGRCCSGWCRPRCFPRF,0
KKKKKKAAAFAAAAAFAAWAAFAAA,0
RDCCTPPKKCKDRRCKPLKCCA,0
DEMEAA,0
CCDDSECSTSCWPCCY,0
FALKALKK,0
ICCNPACGPKYSC,0
HFLLTLVNLAKKIL,0
KWKSFLKTFKSLKKTVLHTLLKAISS,0
KKLALLALKKWLPALKKLALLALKK,0
WLWSENSK,0
AGVLW,0
VRLRFPVRLFP,0
KKLFKKILKFL,0
GIGTKIIGGLKTAVKGALKELASTYVN,0
GIGTKFLGGVKTALKGALKELAFTYVN,0
PICTRNGLPVCGETCFGGTCNTPGCTCTW,0
KKKLLLLLLLLLKKK,0
GIPCGESCVWIPGISAAIGCSCKNKVCYRN,0
FAKLLKLAAKKLL,0
FAKLLAKKLL,0
RWRWRWRW,0
FALALKA,0
FLSLIPHAINAVSAIAKHS,0
GCCSDKRCAWRC,0
FLGGILNTITGLL,0
WLLINK,0
FVGAALKVLANVLPPVISWIKQ,0
GIPCAESCVWIPCTVTALIGCGCSNKVCYN,0
KRFKKFFKKPK,0
ILPWKAPAAPARR,0
VRLAPVRLAP,0
ITGCIC,0
KKLFKKILKYL,0
GIGKFLHTLKTFGKKWVGEIMNS,0
KKLFKKILKYL,0
GCCSDGRCAWRC,0
GLLDLAKHVIGIASKL,0
KWAWAWI,0
LNWGAWLKHWWK,0
SLLSLIRKLIT,0
GIGKFLHSAKKFAKAFVAEIMNS,0
YAFF,0
GLFKVIKKVASVIGGL,0
AAGLAMLFLGILSAAGSTMGARA,0
RWYCG,0
HRKRRR,0
GIGGALLSAGKAALKGLAKVLV,0
FLPLLFGALSTLLPKIF,0
GLFDIIKKVASVVGGL,0
IIGPVLGLVGKPLESLLE,0
QRLGHQWAVGHLM,0
KWKSFLKTFKSAKKKVLHKALKAISS,0
FAKKLAKLAKKALAL,0
RGLRRLGRKIAHGVKKYGATVLRIIRIA,0
FLPLVGKILSGLI,0
VFQFLGKIIHHVGNFVHGFSHVF,0
INWSSIFESVKNLV,0
VALALKALKKL,0
GCCSNPVCHAEHSNLC,0
GFKMALKLLKKVL,0
SCSGRDSRCPPVCCMGLMCSRGKCVSIYGE,0
RRWWCRI,0
DWEYHAHPKPNSFWT,0
FFPIVGKLLSGLF,0
KWKLFKKIGAVLKVL,0
GKKLLKKLKKLLKKG,0
FEDFVLGFI,0
GRCCHPACGKNMSC,0
KWKKLLKKPLLKK,0
ILGKLLSTAAKLLSNL,0
KWKLFKKIEKVGQNIRDGIIKAGPGIGAVLKVLTTGL,0
FIKELLPHLSGIIDSVANAIKG,0
ADECCSNPACRVNNPHVC,0
GVLDIFKDAAKQILAHAAEQI,0
KWKSFAKTFKSAKKTVLHTALKAISS,0
RDCCTPPKKCKDRQCKPQRCCA,0
VGALAVVVWLWLWLW,0
WLWSENSK,0
ALWKTLLKKVLKA,0
VVNDL,0
FTGCMC,0
GSLCGDTCFVLGCNDSSCSCNYPICVKD,0
GCPWQPWC,0
FIGAIARLLSKIFGKR,0
PAWRKAFRWAKRMLKKAA,0
GFGSVLGKALKFGANLL,0
GLPALISWIKRKRQQ,0
GCCSNPRCAWRC,0
LKLKLYPLKLKLYP,0
GLPVCGETCKGGTCNTPGCTCSWPVCTRN,0
GCCSNPVCHLEHSNLC,0
GFWGKLFKLGLHGIGLLHLHL,0
WLWSSKEN,0
TRSSRAGLQFPVGRVHRLLRK,0
RHWCW,0
GICRCICGRRICRCICGR,0
LWQNTWCCRDHLRCC,0
GIGAVLKVLALISWIKRKR,0
RDPCCSNPVCTVHNPQIC,0
CGESCVWIPCISSAIGCSCKSKVCYRNGIP,0
QQLLGTGRVQGYDGYFVLSVEQYLELSDSANNIHFMRQSEI,0
GIGSAILSAGKSALKGLAKGLAEHFAN,0
FAKKLAKLAKKLAKLAL,0
RHKRRR,0
GCCSDPRCFYDHPEIC,0
KWKLFKKIPFLHLAKKF,0
FLPLIGRALSGIL,0
GLPVCGETCFGGTCNTPGCTCDPWPVCTRN,0
GLPVCGETCVGGTCNTPGCSCSRPVCTAN,0
ATAEETRRALHRAFDTLA,0
FLPIVGKLLSGLSGLS,0
GLFDVIKKVASVIKGL,0
GCCSHPACSVRHPELC,0
CKGTGKPCSRIAYNCCTGSCRSGKC,0
KWKSFLKTFKSLKKTVLHTLLKAISS,0
KWKSFLKTFKSAKKTVLHTLLKAISS,0
KKR,0
FCTMIPIPRCY,0
LLAGLAANFLPKIFCKITRKC,0
KWKWKW,0
LKLKSIVSWAKLVL,0
RRWWCRN,0
GCCSHPVCSAMSPIC,0
GLPVCGETCVGGTCNTPGCTCSWPKCTRN,0
INWLKLGKKILGAI,0
GIPCGESCVYIPCLTSAVGCSCKSKVCYRN,0
FLSTIWNGIKSLL,0
FLPLIARVLSGIL,0
CYIQNCPLG,0
PCCSNPVCTVHNPQIC,0
FLSLIPHAINAISAIAHHL,0
GIVDFAKGVLGKIKNVLGI,0
CGESCVFIPCISTLLGCSCKNKVCYRNGVIP,0
PAWRKAFRWAARMLKKAA,0
VRLKFPVRLFP,0
GLPVCGETCVGGTCNTPGCTCSKPVCTRN,0
GLPRKILCAIAKKKGKAKGPLKLVCKA,0
GIGAVLKVLTTGLPALISWIKRKRQQ,0
LSPAAMASLA,0
NGRCCHPACARKYNC,0
FITVH,0
GIGKFLHSAKKFAKAFVAEIMNS,0
CVDIHVWDGVC,0
GTACGESCYVLPCFTVGCTCTSSQCFKN,0
PAWFKARRWAWRMLKKAA,0
GLFGVLGSIAKHVLPHVVPVIAEK,0
GILRG,0
KKWLKLKLKLKK,0
DELIACPADLPYK,0
VAKKLAKLAKKLAKLALAL,0
GIIKKIIKKIIKKIIKKI,0
FAKLLAKALKLKL,0
VLPLISMALGKLL,0
GLVPCGETCFTGKCYTPGCSCSYPICKKN,0
FLSLIPHAINAVSAIAKHN,0
ECCHRQLLCCLRFV,0
HFLLKLVNLAKKIL,0
RRLSYSRRRF,0
FVQWFSKFLGKIL,0
GFLSILKKVLPKSLAHSK,0
FAKLLAKLAKKAA,0
GCPWDPWC,0
IIPLPLGYFAKKT,0
KILRGVAKKIMRTFLRRISKKILTGKK,0
VKLKVYPLKVKLYP,0
IEEDCGYVPCEFGCCRIIDGKEKCREIDCQ,0
FLPLLASLFSRLF,0
KKALAKALKHWLPALHKLAKALAKK,0
VNWKKALGKAIKAVK,0
CYIQNCLRV,0
DEMEAC,0
CKGKGQSCSKLMYDCCTGSCSRRGKC,0
ILGPVLGLVGNALGGLIKKL,0
CKGKGAKCSRLMYDCCTGSCRSGKC,0
GEYCGESCYLIPCFTPGCYCVSRQCVNKN,0
LKKLLKKLLKKL,0
CCSWDVCDHPSCTCCG,0
FVDLKKIANIINSIFGK,0
DLLGTLGNLPLPFI,0
LCLKKRRWKYCV,0
KWKSFLKTFKSLKKTVLHTLLKAISS,0
WEDWVGWI,0
IFGAILPLALGALKNLIK,0
LLKWLLK,0
KFKLKQ,0
CCGVPNAACPPCVCNKTCG,0
KWKLKPLLKKLLKKL,0
GLPVCGETCFGGTCNTPGCSCTDPICTRD,0
CGESCVWIPCTITALAGCKCKSKVCYNSIP,0
CASKGAKCSRLMYDCCSGSCSGTVGRC,0
KWKWKWKW,0
KKLFKKILKYL,0
GIAEFLNYIKSKA,0
NIWKKIASIAKEVLKAL,0
ALWKTLLKKVLKA,0
VKLKVYPLKVKLYP,0
LLL,0
LLGMIPLAISAISSLSKL,0
CKGKGASCHRTSYDCCTGSCNRGKC,0
GKFMSLLKHILK,0
INWKKIFEKVKDLV,0
ALWKTLLKKVLKA,0
RWWCC,0
GLWEKIREKANELVSGIVEGVK,0
ACCSDPRCNYDHPEIC,0
GCCSRAACAGIHQELC,0
VRLLFPVRLFP,0
CYFQNCPRG,0
YAFEVVG,0
FLPILGKLLSGFL,0
VGARCCKNGKRGCGRWCRDHSRCC,0
SLTLN,0
CRIPNQRCFQHLDDCCSRKCNRFNKCV,0
GIGGVLLGAGKATLKGLAKVLAEKYAN,0
VNWKKVLGKIIKVAK,0
INWKKIASIGKEVL,0
CCNCSSKRCRDHSRCC,0
KKLLKLLLKLLK,0
CGESCVYIPCLTSAVGCSCKSKVCYRNGIP,0
QQDYTGWFDF,0
FLFSLIPSAIAGLVSAIRN,0
ALWKTLLKKVLKA,0
PAWRKAFRAAWRMLKKAA,0
GRCCHAACGKNYSC,0
YPFPG,0
KLAKKLAKLAKLAKAL,0
LIAPFIRDYCCPRGPCMVWC,0
LNWGAFLKHFFK,0
GLWSTIKNVGKEAAIAAGKAVLGSL,0
YPPKPESPGEDASPEEMNKYLTALRHYINLVTRQRY,0
FLPLLFGAISHLL,0
AFVKGSAQRVAHGY,0
GSPALISWIKRKRQQ,0
KNWKAILKHIIK,0
PCCSKLHDNSCCGL,0
ECCSDGWCCPA,0
KWKKLLKKLLKLLKKLLK,0
KYKKALKKLAKLL,0
RLYRRLYRRLYRRLYRKKK,0
KWKFKKIPKFLHLAKKF,0
GFGSLLGKALKIGTNLL,0
QPHPDEFVGLM,0
FLGAIAAALPHVINAVTNAL,0
LGGIVSAVKKIVDFLG,0
GCCSAPVCHLEHSNLC,0
GRCCHPACGKNYAC,0
GCCSNPTCAGNNGNIC,0
GCCSDPRCNYDHPEKC,0
LISWIKRKRQQGIGAVLKVLTTGL,0
KKAAAFAAAAAFAAWAAFAAAKKKK,0
LKLNSIVSWAKKVL,0
KWKSFLKTFKSLKKTVLHTLLKAISS,0
NCCNGGCSSKWCRAHARCCD,0
GCCSHPACSVNHPELC,0
QCEDVWMPCTSNWECCSLDCEMYCTQI,0
KVKVKVKVPPTKVKVKVK,0
KWKSFIKKLTSKFLHSADKF,0
GCCSYPPCFATNPDC,0
GCCSDPRCRYRC,0
IWRIFRRIFRIFIRF,0
ICGETCVGGTCNTPGCSCSWPVCTRNGLP,0
KWKLFKKIGIGAVLKVLTTGLPALIS,0
ILGPVIGTTGNVLGGLLKNL,0
CKGKGASCRKTMYDCCRGSCRSGRC,0
LKLLKKLLKKLLKLL,0
KLKKLLKKWLKLLKKLLK,0
GIPCGESCVWIPCLTSAVGCSCKSKVCYRN,0
GCCSYPPCFATNSDYC,0
GVGDIFRKIVSTIKNVV,0
LPSCCSLNLRLCPAPACKRNPCCT,0
GLPALISSIKRKRQQ,0
ALWKTLLKKVLKA,0
GLKDIFKAGLGSLVKGIAAHVAN,0
ACDTATCVTHRLAGLLSRSGGVVKNNFVPTNVGSKAF,0
HFLKTLVNLAKKIL,0
KIAKVALAKLGIGAVLKVLTTGL,0
GIRKWFKKAAHVGKKVGKVALNAYL,0
FFPIVGKLLFGLSGLL,0
GMWSKILGHLKR,0
GKWKKILGKLIR,0
YRFA,0
WLWRESQK,0
NIWKKIFEKVKNLV,0
GCCKDPRCNYDHPEIC,0
GIGTKILGGVKTALKGALKELASTYAN,0
ACHTCDDGTECCDSRCSCPWNTCTCIPW,0
GFGMALRLLRRVL,0
RPKPQQFFGLM,0
CHHEGLPCTSGDGCCGMECCGGVCSSHCGN,0
ECCEDGWCCTAAPLT,0
KSLVRRWRSRW,0
VAKKLAKLAKKLLAL,0
FLSLIPHAINAVSAIAKHF,0
ILGKLLKTAAKLLSNL,0
KLKSLLKTLSKAKKKLLKTALKALSK,0
ACCVYKICYPC,0
KWKLFKKIGKVLKVL,0
LKLKNIVSWAKKVL,0
KILRGVAKKIMRTFLRRISKDILTGKK,0
WDPVL,0
LIILVPPFF,0
CLRDGQSCGYDSDCCRYSCCWGYCDLTCLII,0
FLPFVGKLLSGLL,0
KLKLKLKE,0
GCCSDPRCATRC,0
GKKLLKKWKKLWKKW,0
NLGKQWAVGHFM,0
NGCCRNPACESHRC,0
LLPIVGNLLNSLL,0
QQDYGTGWMDF,0
FAKKLAKKLL,0
KRRH,0
HLCW,0
SLGGFLKGVGKALAGVGKMVADQFGNLLQAGQ,0
GFLSILKKVLGKVMAHMK,0
YDCCKTFECCHW,0
FPRVR,0
LNWKAILKHIIK,0
KWKLFKKIGAVLKVL,0
LLPALISWIKRKRQQ,0
GVVTDLLKTAGKLLGNLFGSLSG,0
KNWKKILGKIIKVVK,0
GCCGKYPNAACHPCGCTVGRPPYCDRPSGG,0
RCCTGKKGSCSGRACKNLKCCA,0
HFLLTLKNLAKKIL,0
LRG,0
GRCCHPACGKNHSC,0
DEFEAC,0
ILGKLLSTAAKLLSKL,0
QGRLGTQWAVGHLM,0
FLPLLAGLAANFLPKIFCKITRKC,0
VGKVLKQLKKVSAVAKVAMKKGAALLK,0
KWKLFKKIGIGKFLHLAKKF,0
CCNCSSKQCRDHSRCC,0
RRWWCRD,0
GCCSDSRCAWRC,0
WLLKW,0
NILNTIINLAKKIL,0
ALWKTLLKKV,0
VKLKVYPLKVKLYP,0
FLSLIPHAINAVSTLVHHS,0
CKGKGAKCSRLLYDCCTGSCRSGKC,0
RLYRKVYGRLYRKVYGRLYRKVYGRLYRKVYGKKK,0
WYSEMKRNVQRLERAIEE,0
CRIPNQKCFQHLDDCCARKCNRFNKCV,0
FLPWFSKFLGRIL,0
KWKSFIKKLTSKFLHLAKKF,0
PAWRKARRWAWRMKKLAA,0
GLFDVIKKVASVIKKL,0
KWKKLLKKPLKLLKKLL,0
TWLKKRRWKKAKPP,0
CRSSGSPCGVTSICCGRCYRGKCT,0
KWKKLLKKLLKLPKKLLKKLKKLLK,0
RHGCCKGPKGCSSRACRPQHCCAA,0
FLPLLVGAISSILPKIF,0
INWKKIAEVGGKILSSL,0
WNHGNITLGEWYNQTKDLQQKFYEIIMDIEQNNVQ,0
NGVCCGYKLCHPCAG,0
QQDYTGAHFDF,0
CLSEGSPCSMSGSCCHKSCCRSTCTFPCLIP,0
KWLRRVWRWWR,0
GIGTKILGGVKAALKGALKELASTYVN,0
KWKKLLKKLLKLLKKLL,0
GLFVGLAKVAAHNNPAIAEHFQA,0
CAGKGAKCSRLMYDCCTGSCRSGKC,0
AGDDETLLKPVLNSLDNLVSGL,0
FLPFLASLLTKVL,0
RGFRKHFNKLVKKVKHTISETAHVAKDTAVIAG,0
CGESCVWIPCLTSAVGCSCKSKVCYRNGIP,0
KLLKKLLKWLK,0
GVIDAAKKVVNVLKNLP,0
RRWWCRR,0
HFLLKLVNLAKKIL,0
FWGKLWEGVKNAI,0
CKRKGSSCRRTSYDCCTGSCRNGKC,0
VGEACCKNGKRGCGRWCRDHSRCC,0
GCCSDPRCAYDHPEIC,0
LPACCSLNLRLCPVPACKRNPCCT,0
GIGKFLHSAKKWGKAFVGQIMNC,0
VCCPFGGCHELCQCCE,0
WAIVLL,0
FLFSLIPSAISGLISAFKGRR,0
VNSKKISPKSIKVSK,0
KKLFKKILKYL,0
IFGAIAGLLKNIF,0
ILPLKWPWWPWRR,0
ALPLIGRVLSGIL,0
ALAGTIIAGASLTFQVLDKVLEELGKVSRK,0
EPSCCSLNLRLCPVPACKRNPCCT,0
SLRGFLKGVGTALAGVGKVVADQFDKLLQAGQ,0
LRCKKRRWKCRV,0
QCEDVWMPCTSNWECCSLDCERYCTQI,0
YWTECCGRIGPHCSRCICPGVVCPKR,0
LIILVPAFF,0
FVPWFSKFLPRIL,0
GCCSNPVCHAEHSNAC,0
GCCSDPPCRNKHPDLC,0
